Opportunity,Abbr,Tier,Industry Context,Pipeline,Role Title,Opportunity Name,Opportunity Type,Listing Type,Deadline / Cycle,URL,URL Status,Review Status,Notes,Last Checked,Publish Status
International Documentary Association,IDA,Tier 1,Documentary Film/Series,Development,Grants/Funding Assistant,IDA Documentary Labs,Lab/Fellowship,Static Program,Annual-Fall,https://www.documentary.org/funding,OK 200,NEEDS REVIEW,Pare Lorentz Documentary Fund — supports full-length docs. Apply via documentary.org,"4/20/2026, 10:51:01 AM",READY TO PUBLISH
International Documentary Association,IDA,Tier 1,Documentary Film/Series,Development,Grants/Funding Assistant,IDA Enterprise Documentary Fund,Grant,Static Program,PAUSED,https://www.documentary.org/funding,OK 200,HOLD,PAUSED 2025-2026: Under strategic review. Up to $15k dev or $100k production grants for journalistic docs. Check documentary.org/funding for reopening.,"4/20/2026, 10:51:01 AM",READY TO PUBLISH
Sundance Institute,SI,Tier 1,Documentary Film/Series,Development,,Documentary Film Program Lab,Lab,Static Program,Annual-varies,https://www.sundance.org/programs/documentary-film,OK 200,NEEDS REVIEW,Pipeline confirmed; role title TBC on review,"4/20/2026, 10:51:01 AM",DRAFT
Sundance Institute,SI,Tier 1,Documentary Film/Series,Post/Editorial,,Documentary Edit & Story Lab,Lab,Static Program,Annual-varies,https://www.sundance.org/programs/documentary-film/,OK 200,NEEDS REVIEW,Editorial lab; role title TBC on review,"4/20/2026, 10:51:01 AM",READY TO PUBLISH
Sundance Institute,SI,Tier 1,Documentary Film/Series,Development,Development Assistant,Sundance Institute Internships,Internship,Dynamic Manual,Rolling,https://www.sundance.org/jobs/,OK 200,NEEDS REVIEW,ATS portal — visit page to check current internship openings,"4/20/2026, 10:51:01 AM",DRAFT
Firelight Media,FM,Tier 1,Documentary Film/Series,Development,Story Researcher,Documentary Lab Fellowship,Fellowship,Static Program,Annual-Spring,https://www.firelightmedia.tv/documentary-lab,OK 200,VERIFIED,12-month fellowship + $25k grant; filmmakers of color; post-production stage 2026,"4/20/2026, 10:51:01 AM",DRAFT
Firelight Media,FM,Tier 1,Documentary Film/Series,Development,,Diverse Voices in Docs Fellowship,Fellowship,Static Program,Annual-varies,https://www.firelightmedia.tv/programs,OK 200,NEEDS REVIEW,Pipeline confirmed; role title TBC on review,"4/20/2026, 10:51:01 AM",READY TO PUBLISH
ITVS,ITVS,Tier 1,Public Media,Development,Grants/Funding Assistant,Open Call Funding,Grant/Development Fund,Static Program,Annual-varies,https://itvs.org/get-funded/,OK 200,NEEDS REVIEW,Development fund for independent producers; confirm entry-level fit,"4/20/2026, 10:51:01 AM",DRAFT
ITVS,ITVS,Tier 1,Public Media,Development,Development Assistant,ITVS Jobs,Entry-Level Job,Dynamic Manual,Rolling,https://itvs.org/about/jobs,OK 200,NEEDS REVIEW,Careers page — visit to check current development/production roles,"4/20/2026, 10:51:01 AM",DRAFT
American Documentary / POV,POV,Tier 1,Public Media,Development,Grants/Funding Assistant,POV Open Call for Films,Open Call,Static Program,Annual-varies,https://amdoc.org/filmmaker-opportunities,OK 200,NEEDS REVIEW,Broadcast open call; confirm emerging filmmaker eligibility,"4/20/2026, 10:51:01 AM",READY TO PUBLISH
Points North Institute,PNI,Tier 1,Documentary Film/Series,Development,Story Researcher,Points North Fellowship,Fellowship,Static Program,Annual-varies,https://pointsnorthinstitute.org/artist-programs/,OK 200,NEEDS REVIEW,Tied to Camden International Film Festival,"4/20/2026, 10:51:01 AM",READY TO PUBLISH
UnionDocs,UD,Tier 1,Documentary Film/Series,Post/Editorial,,Collaborative Study Program,Fellowship/Lab,Static Program,Annual-Fall,https://uniondocs.org/colab/,OK 200,NEEDS REVIEW,Year-long collaborative lab; role title TBC on review,"4/20/2026, 10:51:01 AM",DRAFT
PBS,PBS,Tier 1,Public Media,Production,Production Assistant,PBS Production & Editorial Jobs,Entry-Level Job,Dynamic Manual,Rolling,https://www.pbs.org/about/about-pbs/jobs,DEAD 404,NEEDS REVIEW,ATS portal — jobs appear and disappear quickly; visit page to check,"4/20/2026, 10:51:01 AM",DRAFT
PBS,PBS,Tier 1,Public Media,Production,Production Assistant,LinkedIn: PBS Production Assistant,Entry-Level Job,Dynamic Deep Link,Rolling,https://www.linkedin.com/jobs/search/?keywords=production%20assistant%20PBS&f_E=1%2C2&f_TPR=r604800,OK 200,NEEDS REVIEW,"Pre-filtered: Entry level, posted last 7 days. Supplement to PBS careers page","4/20/2026, 10:51:01 AM",DRAFT
WGBH,WGBH,Tier 1,Public Media,Post/Editorial,,WGBH Editorial & Production Fellowship,Fellowship,Dynamic Manual,Rolling,https://www.wgbh.org/foundation/careers,OK 200,NEEDS REVIEW,Careers page — confirm fellowship name and current openings on visit,"4/20/2026, 10:51:01 AM",DRAFT
WNET,WNET,Tier 1,Public Media,Production,Production Coordinator,WNET Production Fellowships,Fellowship,Dynamic Manual,Rolling,https://www.wnet.org/about/careers,OK 202,NEEDS REVIEW,Careers page — visit to check current production fellowship openings,"4/20/2026, 10:51:01 AM",DRAFT
Frontline,FL,Tier 1,Investigative Journalism,Development,Story Researcher,Frontline Editorial Fellowship,Fellowship,Dynamic Manual,Rolling,https://www.pbs.org/wgbh/frontline/about-us/jobs,OK 200,NEEDS REVIEW,Careers page — confirm specific fellowship title on visit,"4/20/2026, 10:51:01 AM",DRAFT
Frontline,FL,Tier 1,Investigative Journalism,Production,Production Assistant,LinkedIn: Frontline Production Jobs,Entry-Level Job,Dynamic Deep Link,Rolling,https://www.linkedin.com/jobs/search/?keywords=frontline%20PBS%20production&f_E=1%2C2&f_TPR=r2592000,OK 200,NEEDS REVIEW,"Pre-filtered LinkedIn: Entry level, posted last 30 days","4/20/2026, 10:51:01 AM",DRAFT
ProPublica,PP,Tier 1,Investigative Journalism,Development,Story Researcher,ProPublica Emerging Reporters Fellowship,Fellowship,Static Program,Annual-varies,https://www.propublica.org/jobs,OK 200,NEEDS REVIEW,Confirm current fellowship name and cycle on visit,"4/20/2026, 10:51:01 AM",DRAFT
ProPublica,PP,Tier 1,Investigative Journalism,Development,Story Researcher,ProPublica Internship Program,Internship,Static Program,Annual-Spring,https://www.propublica.org/jobs,OK 200,NEEDS REVIEW,,"4/20/2026, 10:51:01 AM",DRAFT
The Gotham Film & Media Institute,GFMI,Tier 1,Documentary Film/Series,Development,,Gotham Week Documentary Pitch,Lab/Pitch,Static Program,Annual-Fall,https://www.thegotham.org/programs/gotham-week,OK 200,NEEDS REVIEW,Pipeline confirmed; role title TBC on review,"4/20/2026, 10:51:01 AM",DRAFT
The Gotham Film & Media Institute,GFMI,Tier 1,Documentary Film/Series,Development,Development Assistant,Gotham Internships,Internship,Dynamic Manual,Rolling,https://www.thegotham.org/about/careers/,OK 200,NEEDS REVIEW,Careers page — visit to check current internship openings,"4/20/2026, 10:51:01 AM",DRAFT
Chicken & Egg Pictures,C&E,Tier 1,Documentary Film/Series,Development,Grants/Funding Assistant,Egg Grant,Grant,Static Program,Annual-Spring,https://www.chickeneggfilms.org/programs/egg-celerator-lab,OK 200,NEEDS REVIEW,Women & non-binary documentary filmmakers; confirm emerging eligibility,"4/20/2026, 10:51:01 AM",DRAFT
Chicken & Egg Pictures,C&E,Tier 1,Documentary Film/Series,Development,,Accelerator Lab,Lab/Fellowship,Static Program,Annual-Spring,https://www.chickeneggfilms.org/programs/egg-celerator-lab,OK 200,NEEDS REVIEW,Pipeline confirmed; role title TBC on review,"4/20/2026, 10:51:01 AM",DRAFT
Kartemquin Films,KQ,Tier 2,Documentary Film/Series,Post/Editorial,Edit Assistant,Diverse Voices in Docs Apprenticeship,Apprenticeship,Static Program,Annual-varies,https://kartemquin.com/opportunities,DEAD 404,NEEDS REVIEW,Editorial + archival apprenticeship tracks,"4/20/2026, 10:51:01 AM",DRAFT
Kartemquin Films,KQ,Tier 2,Documentary Film/Series,Archival,Archive Assistant,KTQ Editorial Apprenticeship,Apprenticeship,Static Program,Annual-varies,https://kartemquin.com/opportunities,DEAD 404,NEEDS REVIEW,,"4/20/2026, 10:51:01 AM",DRAFT
Hollywood Radio & TV Society,HRTS,Tier 2,Public Media,Development,Development Assistant,HRTS Fellowship Program,Fellowship,Static Program,Annual-varies,https://www.hrts.org/fellowships,BLOCKED (alive) Request failed for https://www,NEEDS REVIEW,Placement in media departments; confirm doc-context pipeline fit,"4/20/2026, 10:51:01 AM",DRAFT
Story Syndicate,SS,Tier 2,Documentary Film/Series,Development,Story Researcher,Story Syndicate Story Researcher,Entry-Level Job,Dynamic Manual,Rolling,https://www.storysyndicate.com/about,OK 200,NEEDS REVIEW,Careers page — visit to check current openings,"4/20/2026, 10:51:01 AM",DRAFT
Story Syndicate,SS,Tier 2,Documentary Film/Series,Post/Editorial,Assistant Editor,Story Syndicate Assistant Editor,Entry-Level Job,Dynamic Manual,Rolling,https://www.storysyndicate.com/about,OK 200,NEEDS REVIEW,,"4/20/2026, 10:51:01 AM",DRAFT
Story Syndicate,SS,Tier 2,Documentary Film/Series,Archival,Archive Assistant,Story Syndicate Archival Assistant,Entry-Level Job,Dynamic Manual,Rolling,https://www.storysyndicate.com/about,OK 200,NEEDS REVIEW,,"4/20/2026, 10:51:01 AM",DRAFT
Imagine Documentaries,ID,Tier 2,Documentary Film/Series,Post/Editorial,Assistant Editor,Imagine Docs Assistant Editor,Entry-Level Job,Dynamic Manual,Rolling,https://www.imaginedocumentaries.com/careers,BLOCKED (alive) DNS error: https://www.imagine,NEEDS REVIEW,,"4/20/2026, 10:51:01 AM",DRAFT
Imagine Documentaries,ID,Tier 2,Documentary Film/Series,Development,Development Assistant,Imagine Docs Development Assistant,Entry-Level Job,Dynamic Manual,Rolling,https://www.imaginedocumentaries.com/careers,BLOCKED (alive) DNS error: https://www.imagine,NEEDS REVIEW,,"4/20/2026, 10:51:01 AM",DRAFT
Lightbox,LB,Tier 2,Documentary Film/Series,Post/Editorial,Assistant Editor,Lightbox Assistant Editor / Post Jobs,Entry-Level Job,Dynamic Manual,Rolling,https://www.lightboxfilm.co.uk/about,OK 200,NEEDS REVIEW,,"4/20/2026, 10:51:01 AM",DRAFT
This American Life,TAL,Tier 1,Narrative Podcasting,Development,Story Researcher,TAL Editorial Assistant / Researcher,Entry-Level Job,Dynamic Manual,Rolling,https://www.thisamericanlife.org/about/jobs,OK 200,NEEDS REVIEW,Careers page — visit to check current openings,"4/20/2026, 10:51:01 AM",DRAFT
This American Life,TAL,Tier 1,Narrative Podcasting,Post/Editorial,Transcription/Logging Assistant,TAL Internship,Internship,Dynamic Manual,Annual-varies,https://www.thisamericanlife.org/about/jobs,OK 200,NEEDS REVIEW,,"4/20/2026, 10:51:01 AM",DRAFT
Serial Productions,SP,Tier 1,Narrative Podcasting,Post/Editorial,Edit Assistant,Serial Editorial / Research Jobs,Entry-Level Job,Dynamic Manual,Rolling,https://serialpodcast.org/about,OK 200,NEEDS REVIEW,,"4/20/2026, 10:51:01 AM",DRAFT
PRX,PRX,Tier 1,Narrative Podcasting,Development,,PRX Podcast Garage Fellowship,Fellowship,Static Program,Annual-varies,https://www.prx.org/podcast-garage,OK 200,NEEDS REVIEW,Pipeline confirmed; role title TBC on review,"4/20/2026, 10:51:01 AM",DRAFT
PRX,PRX,Tier 1,Narrative Podcasting,Development,Grants/Funding Assistant,PRX Remix Grant,Grant,Static Program,Annual-varies,https://www.prx.org/programs,OK 200,NEEDS REVIEW,,"4/20/2026, 10:51:01 AM",DRAFT
Radiotopia,RT,Tier 2,Narrative Podcasting,Development,Grants/Funding Assistant,Radiotopia Launch Grant,Grant,Static Program,Annual-varies,https://www.radiotopia.fm/pitch,OK 200,NEEDS REVIEW,,"4/20/2026, 10:51:01 AM",DRAFT
Library of Congress,LoC,Tier 3,Archival Media,Archival,Archive Assistant,Packard Campus Film Preservation Internship,Internship,Static Program,Annual-varies,https://www.loc.gov/careers,OK 200,NEEDS REVIEW,Film preservation focus; hard to discover — high value,"4/20/2026, 10:51:01 AM",DRAFT
Library of Congress,LoC,Tier 3,Archival Media,Archival,Archival Researcher,LOC Junior Fellows Program,Fellowship,Static Program,Annual-Spring,https://www.loc.gov/programs/junior-fellows-program/about-this-program,DEAD 404,NEEDS REVIEW,,"4/20/2026, 10:51:01 AM",DRAFT
National Archives (NARA),NARA,Tier 3,Archival Media,Archival,Archive Assistant,NARA Archives Technician Internship,Internship,Static Program,Rolling,https://www.archives.gov/careers,OK 200,NEEDS REVIEW,,"4/20/2026, 10:51:01 AM",DRAFT
National Archives (NARA),NARA,Tier 3,Archival Media,Archival,Media Cataloging,NARA Digitization Traineeship,Apprenticeship,Static Program,Annual-varies,https://www.archives.gov/careers,OK 200,NEEDS REVIEW,,"4/20/2026, 10:51:01 AM",DRAFT
UCLA Film & TV Archive,UCLA,Tier 3,Archival Media,Archival,Archive Assistant,UCLA Archive Preservation Internship,Internship,Static Program,Annual-varies,https://www.cinema.ucla.edu/about/jobs,DEAD 404,NEEDS REVIEW,,"4/20/2026, 10:51:01 AM",DRAFT
Museum of Modern Art,MoMA,Tier 3,Archival Media,Archival,Media Cataloging,MoMA Film Media Cataloging Internship,Internship,Static Program,Annual-varies,https://www.moma.org/research/internships,BLOCKED (alive) Request failed for https://www,NEEDS REVIEW,,"4/20/2026, 10:51:01 AM",DRAFT
Museum of Modern Art,MoMA,Tier 3,Archival Media,Archival,Rights & Clearance Assistant,MoMA Rights & Clearance Internship,Internship,Static Program,Annual-varies,https://www.moma.org/research/internships,BLOCKED (alive) Request failed for https://www,NEEDS REVIEW,,"4/20/2026, 10:51:01 AM",DRAFT
Smithsonian Institution,SI-Arch,Tier 3,Archival Media,Archival,Archival Researcher,Smithsonian Fellowships & Internships,Fellowship/Internship,Static Program,Annual-Spring,https://www.smithsonianofi.com,BLOCKED (alive) Address unavailable: https://w,NEEDS REVIEW,Broad program — filter for media/film archival roles on review,"4/20/2026, 10:51:01 AM",DRAFT
CPB,CPB,Tier 1,Public Media,Development,Grants/Funding Assistant,CPB Workforce Development Grants,Grant,Static Program,Annual-varies,https://www.cpb.org/workforce-development,BLOCKED (alive) DNS error: https://www.cpb.org,NEEDS REVIEW,Workforce grants — confirm individual vs. org-level eligibility,"4/20/2026, 10:51:01 AM",DRAFT
Film Independent,FI,Tier 2,Documentary Film/Series,Development,,Film Independent Documentary Lab,Lab/Fellowship,Static Program,Annual-varies,https://www.filmindependent.org/programs/documentary-lab,DEAD 404,NEEDS REVIEW,Pipeline confirmed; role title TBC on review,"4/20/2026, 10:51:01 AM",DRAFT
Patagonia,PAT,Tier 2,Non-Fiction Brand Storytelling,Production,Associate Producer (Junior),Patagonia Films Associate Producer,Entry-Level Job,Dynamic Manual,Rolling,https://www.patagonia.com/how-we-fund/media-grant/,OK 200,NEEDS REVIEW,Careers page — visit to check current film/production roles,"4/20/2026, 10:51:01 AM",DRAFT
Patagonia,PAT,Tier 2,Non-Fiction Brand Storytelling,Impact/Distribution,Outreach Coordinator,Patagonia Environmental Grants,Grant,Static Program,Rolling,https://www.patagonia.com/how-we-fund-grassroots-activism.html,OK 200,NEEDS REVIEW,Environmental advocacy + storytelling grants,"4/20/2026, 10:51:01 AM",DRAFT
Red Bull Media House,RBMH,Tier 2,Non-Fiction Brand Storytelling,Production,Production Coordinator,Red Bull Media Production Jobs,Entry-Level Job,Dynamic Manual,Rolling,https://www.redbullmediahouse.com/en/career,DEAD 404,NEEDS REVIEW,Careers page — confirm doc-context production roles on visit,"4/20/2026, 10:51:01 AM",DRAFT
National Geographic,NatGeo,Tier 2,Documentary Film/Series,Development,Grants/Funding Assistant,NatGeo Society Grants for Storytellers,Grant,Static Program,Annual-varies,https://www.nationalgeographic.org/society/grants-and-investments/,OK 200,NEEDS REVIEW,Confirm individual emerging storyteller eligibility,"4/20/2026, 10:51:01 AM",DRAFT
National Geographic,NatGeo,Tier 2,Documentary Film/Series,Development,Story Researcher,LinkedIn: NatGeo Story/Research Roles,Entry-Level Job,Dynamic Deep Link,Rolling,https://www.linkedin.com/jobs/search/?keywords=national%20geographic%20researcher%20documentary&f_E=1%2C2,OK 200,NEEDS REVIEW,Pre-filtered LinkedIn: Entry level. Supplements Disney ATS portal,"4/20/2026, 10:51:01 AM",DRAFT
Vice Media,VICE,Tier 2,Non-Fiction Brand Storytelling,Development,Development Coordinator,Vice Brand Studio / Doc Jobs,Entry-Level Job,Dynamic Manual,Rolling,https://www.linkedin.com/company/vice-media/jobs/,OK 200,NEEDS REVIEW,Careers page — visit to check current openings,"4/20/2026, 10:51:01 AM",DRAFT
The Marshall Project,TMP,Tier 2,Investigative Journalism,Development,Story Researcher,Marshall Project Editorial Fellowship,Fellowship,Static Program,Annual-varies,https://www.themarshallproject.org/jobs,OK 200,NEEDS REVIEW,Criminal justice storytelling,"4/20/2026, 10:51:01 AM",DRAFT
The Marshall Project,TMP,Tier 2,Investigative Journalism,Development,Story Researcher,Marshall Project Reporting Internship,Internship,Static Program,Annual-varies,https://www.themarshallproject.org/jobs,OK 200,NEEDS REVIEW,,"4/20/2026, 10:51:01 AM",DRAFT
The Intercept,TI,Tier 2,Investigative Journalism,Development,Story Researcher,The Intercept Investigative Reporting Fellowship,Fellowship,Static Program,Annual-varies,https://theintercept.com/jobs-at-the-intercept/,OK 200,NEEDS REVIEW,,"4/20/2026, 10:51:01 AM",DRAFT
Center for Investigative Reporting,CIR,Tier 2,Investigative Journalism,Post/Editorial,Edit Assistant,Reveal Audio Doc Fellowship,Fellowship,Static Program,Annual-varies,https://revealnews.org/about-us/jobs,DEAD 404,NEEDS REVIEW,Audio documentary editorial focus,"4/20/2026, 10:51:01 AM",DRAFT
Center for Investigative Reporting,CIR,Tier 2,Investigative Journalism,Development,Story Researcher,Reveal Reporting Internship,Internship,Static Program,Annual-varies,https://revealnews.org/about-us/jobs,DEAD 404,NEEDS REVIEW,,"4/20/2026, 10:51:01 AM",DRAFT
Texas Tribune,TT,Tier 2,Investigative Journalism,Development,Story Researcher,Texas Tribune Journalism Fellowship,Fellowship,Static Program,Annual-varies,https://www.texastribune.org/about/jobs,OK 200,NEEDS REVIEW,,"4/20/2026, 10:51:01 AM",DRAFT
Texas Tribune,TT,Tier 2,Investigative Journalism,Development,Story Researcher,Texas Tribune Internship,Internship,Static Program,Annual-Spring,https://www.texastribune.org/about/jobs,OK 200,NEEDS REVIEW,,"4/20/2026, 10:51:01 AM",DRAFT
LinkedIn (Aggregator),LI,Tier 2,Documentary Film/Series,Development,Story Researcher,LinkedIn: Story Researcher — Documentary,Entry-Level Job,Dynamic Deep Link,Rolling,https://www.linkedin.com/jobs/search/?keywords=story%20researcher%20documentary&f_E=1%2C2,OK 200,VERIFIED,Pre-filtered: Entry level (0-2 yrs). Review listings before publishing,"4/20/2026, 10:51:01 AM",DRAFT
LinkedIn (Aggregator),LI,Tier 2,Documentary Film/Series,Development,Development Assistant,LinkedIn: Development Assistant — Documentary,Entry-Level Job,Dynamic Deep Link,Rolling,https://www.linkedin.com/jobs/search/?keywords=development%20assistant%20documentary&f_E=1%2C2,OK 200,VERIFIED,Pre-filtered: Entry level. Review listings before publishing,"4/20/2026, 10:51:01 AM",DRAFT
LinkedIn (Aggregator),LI,Tier 2,Documentary Film/Series,Production,Production Assistant,LinkedIn: Production Assistant — Documentary,Entry-Level Job,Dynamic Deep Link,Rolling,https://www.linkedin.com/jobs/search/?keywords=production%20assistant%20documentary&f_E=1%2C2,OK 200,VERIFIED,Pre-filtered: Entry level. Review listings before publishing,"4/20/2026, 10:51:01 AM",DRAFT
LinkedIn (Aggregator),LI,Tier 2,Documentary Film/Series,Post/Editorial,Assistant Editor,LinkedIn: Assistant Editor — Documentary / Non-Fiction,Entry-Level Job,Dynamic Deep Link,Rolling,https://www.linkedin.com/jobs/search/?keywords=assistant%20editor%20documentary&f_E=1%2C2,OK 200,VERIFIED,Pre-filtered: Entry level. Review listings before publishing,"4/20/2026, 10:51:01 AM",DRAFT
LinkedIn (Aggregator),LI,Tier 2,Archival Media,Archival,Archival Researcher,LinkedIn: Archival Researcher — Film / Media,Entry-Level Job,Dynamic Deep Link,Rolling,https://www.linkedin.com/jobs/search/?keywords=archival%20researcher%20film&f_E=1%2C2,OK 200,VERIFIED,Pre-filtered: Entry level. Review listings before publishing,"4/20/2026, 10:51:01 AM",DRAFT
LinkedIn (Aggregator),LI,Tier 2,Documentary Film/Series,Impact/Distribution,Impact Campaign Assistant,LinkedIn: Impact Producer / Campaign Assistant — Documentary,Entry-Level Job,Dynamic Deep Link,Rolling,https://www.linkedin.com/jobs/search/?keywords=impact%20producer%20documentary&f_E=1%2C2,OK 200,VERIFIED,Pre-filtered: Entry level. Review listings before publishing,"4/20/2026, 10:51:01 AM",DRAFT
LinkedIn (Aggregator),LI,Tier 2,Narrative Podcasting,Post/Editorial,Edit Assistant,LinkedIn: Audio / Podcast Editorial Assistant,Entry-Level Job,Dynamic Deep Link,Rolling,https://www.linkedin.com/jobs/search/?keywords=podcast%20editorial%20assistant%20audio&f_E=1%2C2,OK 200,VERIFIED,Pre-filtered: Entry level. Review listings before publishing,"4/20/2026, 10:51:01 AM",DRAFT
LinkedIn (Aggregator),LI,Tier 2,Investigative Journalism,Development,Story Researcher,LinkedIn: Research / Editorial Fellow — Journalism,Fellowship,Dynamic Deep Link,Rolling,https://www.linkedin.com/jobs/search/?keywords=editorial%20fellow%20investigative%20journalism&f_E=1%2C2,OK 200,VERIFIED,Pre-filtered: Entry level. Review listings before publishing,"4/20/2026, 10:51:01 AM",DRAFT
Indeed (Aggregator),IN,Tier 2,Documentary Film/Series,Development,Story Researcher,Indeed: Documentary Fellowship / Internship,Fellowship/Internship,Dynamic Deep Link,Rolling,https://www.indeed.com/jobs?q=documentary+fellowship+internship&jt=internship,BLOCKED (alive) Request failed for https://www,VERIFIED,Pre-filtered: Internships/fellowships only. Review before publishing,"4/20/2026, 10:51:01 AM",DRAFT
Indeed (Aggregator),IN,Tier 2,Documentary Film/Series,Production,Production Assistant,Indeed: Production Assistant — Non-Fiction / Doc,Entry-Level Job,Dynamic Deep Link,Rolling,https://www.indeed.com/jobs?q=production+assistant+documentary+non-fiction&explvl=entry_level,BLOCKED (alive) Request failed for https://www,VERIFIED,Pre-filtered: Entry level. Review before publishing,"4/20/2026, 10:51:01 AM",DRAFT
Indeed (Aggregator),IN,Tier 2,Archival Media,Archival,Archive Assistant,Indeed: Archive / Media Cataloging Internship,Internship,Dynamic Deep Link,Rolling,https://www.indeed.com/jobs?q=archive+media+cataloging+internship&jt=internship,BLOCKED (alive) Request failed for https://www,VERIFIED,Pre-filtered: Internships only. Review before publishing,"4/20/2026, 10:51:01 AM",DRAFT
BRIC Media,BRIC,Tier 2,Documentary Film/Series,Production,Associate Producer (Junior),BRIC Film + TV Residency,Fellowship,Static Program,Annual-varies,https://www.bric.tv/programs/film-tv-residency,DEAD 404,NEEDS REVIEW,"Brooklyn-based doc residency, $2,500 stipend + production support","4/20/2026, 10:51:01 AM",DRAFT
Mountainfilm,MTF,Tier 2,Documentary Film/Series,Post/Editorial,Edit Assistant,Mountainfilm Emerging Filmmaker Fellowship,Fellowship,Static Program,Annual-varies,https://www.mountainfilm.org/mountainfilm-initiatives/commitment-grants,OK 200,NEEDS REVIEW,Yearlong mentorship + cash award + Telluride trip. Open July 1-16 2026,"4/20/2026, 10:51:01 AM",DRAFT
Catapult Film Fund,CFF,Tier 1,Documentary Film/Series,Development,Grants/Funding Assistant,Catapult Development Fund,Grant,Static Program,Annual-varies,https://catapultfilmfund.org/apply,DEAD 404,NEEDS REVIEW,Development grants for early-stage docs; confirm emerging eligibility,"4/20/2026, 10:51:01 AM",DRAFT
Field of Vision,FOV,Tier 1,Documentary Film/Series,Development,Story Researcher,Field of Vision Commissions,Entry-Level Job,Dynamic Manual,Rolling,https://fieldofvision.org/jobs,OK 200,NEEDS REVIEW,Short doc commissions unit; story researcher and production roles,"4/20/2026, 10:51:01 AM",DRAFT
Working Films,WF,Tier 2,Documentary Film/Series,Impact/Distribution,Outreach Coordinator,Working Films Internship,Internship,Dynamic Manual,Rolling,https://www.workingfilms.org/impactkickstart/,OK 200,NEEDS REVIEW,Impact/outreach org for social issue docs,"4/20/2026, 10:51:01 AM",DRAFT
XTR,XTR,Tier 2,Documentary Film/Series,Development,Development Assistant,XTR Development / Production Jobs,Entry-Level Job,Dynamic Manual,Rolling,https://www.linkedin.com/company/xtr/jobs/,OK 200,NEEDS REVIEW,Doc financing + production company; entry-level dev roles,"4/20/2026, 10:51:01 AM",DRAFT
Submarine Entertainment,SUB,Tier 2,Documentary Film/Series,Development,Development Assistant,Submarine Entertainment Jobs,Entry-Level Job,Dynamic Manual,Rolling,https://submarine.com/about,DEAD 404,NEEDS REVIEW,Doc sales/distribution/production; dev assistant roles,"4/20/2026, 10:51:01 AM",DRAFT
Motto Pictures,MP,Tier 2,Documentary Film/Series,Production,Production Assistant,Motto Pictures Internship,Internship,Dynamic Manual,Rolling,https://www.mottopictures.com/about,DEAD 404,NEEDS REVIEW,,"4/20/2026, 10:51:01 AM",DRAFT
KQED,KQED,Tier 2,Public Media,Production,Production Assistant,KQED Production & Journalism Jobs,Entry-Level Job,Dynamic Manual,Rolling,https://www.kqed.org/careers/internships,OK 200,NEEDS REVIEW,Major West Coast public media station; doc production unit,"4/20/2026, 10:51:01 AM",DRAFT
WBUR,WBUR,Tier 2,Public Media,Post/Editorial,Edit Assistant,WBUR Audio / Editorial Jobs,Entry-Level Job,Dynamic Manual,Rolling,https://www.wbur.org/inside/newsroom-fellowship-application,OK 200,NEEDS REVIEW,Boston public radio; narrative audio + doc production,"4/20/2026, 10:51:01 AM",DRAFT
WAMU / DCist,WAMU,Tier 2,Public Media,Development,Story Researcher,WAMU Editorial Jobs,Entry-Level Job,Dynamic Manual,Rolling,https://wamu.org/careers,OK 200,NEEDS REVIEW,DC public media; journalism fellowships and editorial roles,"4/20/2026, 10:51:01 AM",DRAFT
WNYC Studios,WNYC,Tier 1,Narrative Podcasting,Post/Editorial,Edit Assistant,WNYC Studios Production Jobs,Entry-Level Job,Dynamic Manual,Rolling,https://www.wnycstudios.org/about/jobs,DEAD 404,NEEDS REVIEW,"Radiolab, On the Media, More Perfect; production assistant roles","4/20/2026, 10:51:01 AM",DRAFT
American Experience (WGBH),AmEx,Tier 1,Public Media,Production,Production Assistant,American Experience Production Jobs,Entry-Level Job,Dynamic Manual,Rolling,https://www.pbs.org/wgbh/americanexperience/about/work-with-us,DEAD 404,NEEDS REVIEW,Separate unit from WGBH; flagship PBS history doc series,"4/20/2026, 10:51:01 AM",DRAFT
WORLD Channel,WORLD,Tier 2,Public Media,Development,Grants/Funding Assistant,WORLD Channel Doc Fund / Jobs,Entry-Level Job,Dynamic Manual,Rolling,https://worldchannel.org/about/,OK 200,NEEDS REVIEW,Public media doc showcase; works with emerging filmmakers,"4/20/2026, 10:51:01 AM",DRAFT
Latino Public Broadcasting,LPB,Tier 2,Public Media,Development,Grants/Funding Assistant,LPB Development Fund,Grant,Static Program,Annual-varies,https://lpbp.org/funding,OK 200,NEEDS REVIEW,Funds and produces Latino-focused public media docs,"4/20/2026, 10:51:01 AM",DRAFT
Center for Asian American Media,CAAM,Tier 2,Public Media,Development,Story Researcher,CAAM Documentary Fellowship,Fellowship,Static Program,Annual-varies,https://caamedia.org/new-caam-fellowship/,DEAD 404,NEEDS REVIEW,"6-month mentorship for Asian American documentary filmmakers, $5k stipend","4/20/2026, 10:51:01 AM",DRAFT
Twin Cities PBS,TPT,Tier 2,Public Media,Production,Production Assistant,TPT Production Jobs,Entry-Level Job,Dynamic Manual,Rolling,https://www.tpt.org/jobs,OK 200,NEEDS REVIEW,Midwest doc unit; emerging filmmaker programs,"4/20/2026, 10:51:01 AM",DRAFT
Mother Jones,MJ,Tier 2,Investigative Journalism,Post/Editorial,Edit Assistant,Mother Jones Ben Bagdikian Fellowship,Fellowship,Static Program,Annual-varies,https://www.motherjones.com/jobs/fellowships/,OK 200,NEEDS REVIEW,"Yearlong editorial fellowship, $3,250/month. Digital, editorial, comms tracks","4/20/2026, 10:51:01 AM",DRAFT
Ida B. Wells Society,IBWS,Tier 2,Investigative Journalism,Development,Story Researcher,IBWS Investigative Internship,Internship,Static Program,Annual-varies,https://idabwellssociety.org/training/,OK 200,NEEDS REVIEW,"Places interns at NYT, Bloomberg, ProPublica and others; BIPOC-focused","4/20/2026, 10:51:01 AM",DRAFT
Institute for Nonprofit News,INN,Tier 2,Investigative Journalism,Development,Story Researcher,INN Internship & Fellowship Program,Fellowship/Internship,Static Program,Annual-varies,https://inn.org/resources/internships-fellowships,OK 200,NEEDS REVIEW,"Places fellows across 30+ nonprofit newsrooms; partners with Columbia, CUNY","4/20/2026, 10:51:01 AM",DRAFT
Type Investigations,TI,Tier 2,Investigative Journalism,Development,Story Researcher,Type Investigations Fellowship,Fellowship,Static Program,Annual-varies,https://typeinvestigations.org/ida-b-wells/,OK 200,NEEDS REVIEW,Editorial fellowships with investigative + documentary focus,"4/20/2026, 10:51:01 AM",DRAFT
The 19th,19TH,Tier 2,Investigative Journalism,Development,Story Researcher,The 19th Fellowship,Fellowship,Static Program,Annual-varies,https://19thnews.org/apply-for-a-19th-news-fellowship/,BLOCKED (alive) Request failed for https://19t,NEEDS REVIEW,Gender and politics investigative journalism,"4/20/2026, 10:51:01 AM",DRAFT
Pineapple Street Studios,PSS,Tier 2,Narrative Podcasting,Production,Production Assistant,Pineapple Street Production Jobs,Entry-Level Job,Dynamic Manual,Rolling,https://pineapple.fm/careers,DEAD 404,NEEDS REVIEW,Major narrative podcast studio; production assistant and researcher roles,"4/20/2026, 10:51:01 AM",DRAFT
Snap Judgment,SJ,Tier 2,Narrative Podcasting,Post/Editorial,Edit Assistant,Snap Judgment Internship,Internship,Dynamic Manual,Rolling,https://snapjudgment.org/careers/,OK 200,NEEDS REVIEW,Narrative audio storytelling; periodic internship openings,"4/20/2026, 10:51:01 AM",DRAFT
American Public Media,APM,Tier 1,Narrative Podcasting,Production,Production Coordinator,APM Production Jobs,Entry-Level Job,Dynamic Manual,Rolling,https://www.apm.org/careers,DEAD 404,NEEDS REVIEW,"Marketplace, BBC co-productions; production coordinator roles","4/20/2026, 10:51:01 AM",DRAFT
Academy Film Archive,AFA,Tier 2,Archival Media,Archival,Archive Assistant,Academy Film Archive Internship,Internship,Static Program,Annual-varies,https://www.oscars.org/filmarchive/internships,DEAD 404,NEEDS REVIEW,Strong preservation internship pipeline; highly competitive,"4/20/2026, 10:51:01 AM",DRAFT
George Eastman Museum,GEM,Tier 2,Archival Media,Archival,Archive Assistant,George Eastman Museum Film Internship,Internship,Static Program,Annual-varies,https://www.eastman.org/l-jeffrey-selznick-school-fellowships,BLOCKED (alive) Request failed for https://www,NEEDS REVIEW,Film preservation and cataloging internships,"4/20/2026, 10:51:01 AM",DRAFT
Northeast Historic Film,NHF,Tier 2,Archival Media,Archival,Archive Assistant,Northeast Historic Film Internship,Internship,Static Program,Annual-varies,https://www.oldfilm.org/about/employment,OK 200,NEEDS REVIEW,"Small org, strong hands-on preservation experience","4/20/2026, 10:51:01 AM",DRAFT
Pacific Film Archive (BAMPFA),PFA,Tier 2,Archival Media,Archival,Media Cataloging,BAMPFA Archive & Cataloging Internship,Internship,Static Program,Annual-varies,https://bampfa.org/about/employment,DEAD 404,NEEDS REVIEW,UC Berkeley; archival and cataloging roles,"4/20/2026, 10:51:01 AM",DRAFT
Black Film Center/Archive,BFCA,Tier 2,Archival Media,Archival,Archival Researcher,Black Film Center/Archive Fellowship,Fellowship,Static Program,Annual-varies,https://bfca.indiana.edu/about/opportunities.html,DEAD 404,NEEDS REVIEW,Indiana University; archival research fellowships focused on Black cinema,"4/20/2026, 10:51:01 AM",DRAFT
Netflix Documentary,NFX,Tier 3,Non-Fiction Brand Storytelling,Production,Production Coordinator,Netflix Documentary Production Jobs,Entry-Level Job,Dynamic Manual,Rolling,https://www.linkedin.com/company/netflix/jobs/,OK 200,NEEDS REVIEW,Large doc slate; production coordinator roles. Highly competitive.,"4/20/2026, 10:51:01 AM",DRAFT
HBO Documentary Films,HBO,Tier 3,Non-Fiction Brand Storytelling,Production,Production Assistant,HBO Documentary Production Jobs,Entry-Level Job,Dynamic Manual,Rolling,https://www.linkedin.com/company/warner-bros-discovery/jobs/,OK 200,NEEDS REVIEW,Prestige doc unit under Warner Bros Discovery. Highly competitive.,"4/20/2026, 10:51:01 AM",DRAFT
Hulu Originals,HULU,Tier 3,Non-Fiction Brand Storytelling,Production,Production Assistant,Hulu Documentary Production Jobs,Entry-Level Job,Dynamic Manual,Rolling,https://www.linkedin.com/company/the-walt-disney-company/jobs/,OK 200,NEEDS REVIEW,Doc production roles under Disney Entertainment. Highly competitive.,"4/20/2026, 10:51:01 AM",DRAFT
Apple Original Films,AAPL,Tier 3,Non-Fiction Brand Storytelling,Production,Production Coordinator,Apple Original Films Production Jobs,Entry-Level Job,Dynamic Manual,Rolling,https://www.linkedin.com/company/apple/jobs/,OK 200,NEEDS REVIEW,Growing doc slate; production coordinator roles. Highly competitive.,"4/20/2026, 10:51:01 AM",DRAFT
A24,A24,Tier 2,Non-Fiction Brand Storytelling,Post/Editorial,Assistant Editor,A24 Documentary Jobs,Entry-Level Job,Dynamic Manual,Rolling,https://a24films.com/jobs,OK 200,NEEDS REVIEW,Increasingly active in docs; archival/research and editorial roles,"4/20/2026, 10:51:01 AM",DRAFT
Condé Nast Entertainment,CNE,Tier 3,Non-Fiction Brand Storytelling,Production,Production Coordinator,Condé Nast Entertainment Production Jobs,Entry-Level Job,Dynamic Manual,Rolling,https://www.linkedin.com/company/conde-nast/jobs/,OK 200,NEEDS REVIEW,Brand doc/video unit; production coordinator roles,"4/20/2026, 10:51:01 AM",DRAFT
REI Co-op Studios,REI,Tier 2,Non-Fiction Brand Storytelling,Production,Associate Producer (Junior),REI Co-op Studios Production Jobs,Entry-Level Job,Dynamic Manual,Rolling,https://www.linkedin.com/company/rei-co-op/jobs/,DEAD 404,NEEDS REVIEW,Outdoor/environmental doc content; production and story roles,"4/20/2026, 10:51:01 AM",DRAFT
BAFTA,BAFTA,Tier 1,Documentary Film/Series,Development,Grants/Funding Assistant,BAFTA US Scholarship Programme,Fellowship,Static Program,Annual-Spring,https://www.bafta.org/programmes/us-scholarships,BLOCKED (alive) Request failed for https://www,NEEDS REVIEW,Financial support for international students studying film in the US. Deadline June 26 2026. US-based program from UK org.,"4/20/2026, 10:51:01 AM",DRAFT
BAFTA,BAFTA,Tier 1,Documentary Film/Series,Development,Development Assistant,BAFTA Vance Byrd Mentorship (USA),Fellowship,Static Program,Annual-varies,https://www.bafta.org/programmes/access-early-career-support,BLOCKED (alive) Request failed for https://www,NEEDS REVIEW,US-based mentorship program for underrepresented early-career talent in film/TV,"4/20/2026, 10:51:01 AM",DRAFT
DOC NYC,DNYC,Tier 1,Documentary Film/Series,Development,Development Assistant,DOC NYC Internship / Jobs,Internship,Dynamic Manual,Rolling,https://www.docnyc.net/jobs,DEAD 404,NEEDS REVIEW,"America's largest doc festival, based in NYC; production and development roles","4/20/2026, 10:51:01 AM",DRAFT
Shorenstein Center (Harvard),SHCC,Tier 2,Documentary Film/Series,Impact/Distribution,Impact Campaign Assistant,Documentary Film in the Public Interest Fellowship,Fellowship,Static Program,Annual-varies,https://shorensteincenter.org/research/documentary-film-in-the-public-interest,OK 200,NEEDS REVIEW,Harvard-based; researches public impact of documentary film. Spring 2026 cohort active.,"4/20/2026, 10:51:01 AM",DRAFT
SFFILM,SFF,Tier 2,Documentary Film/Series,Development,Grants/Funding Assistant,SFFILM Documentary Film Fund,Grant,Static Program,Annual-varies,https://sffilm.org/artist-development/fund-your-film/,OK 200,NEEDS REVIEW,Post-production grants for doc features; open to filmmakers internationally,"4/20/2026, 10:51:01 AM",DRAFT
Hot Docs (US accessible),HDOCS,Tier 2,Documentary Film/Series,Development,Grants/Funding Assistant,Hot Docs Forum / Cross Border Fund,Grant/Lab,Static Program,Annual-varies,https://www.hotdocs.ca/industry/professional-development/funding,DEAD 404,NEEDS REVIEW,Canadian org but Cross Border Fund open to US/Canada co-productions; US filmmakers eligible,"4/20/2026, 10:51:01 AM",DRAFT
DocSociety (US programs),DOCS,Tier 1,Documentary Film/Series,Impact/Distribution,Impact Campaign Assistant,DocSociety Good Pitch / Impact Fund,Grant/Lab,Static Program,Annual-varies,https://docsociety.org/good-pitch,DEAD 404,NEEDS REVIEW,UK-founded but runs Good Pitch USA; connects doc filmmakers with funders and NGOs for impact campaigns,"4/20/2026, 10:51:01 AM",DRAFT
Nike,NIKE,Tier 3,Non-Fiction Brand Storytelling,Production,Production Coordinator,Nike Storytelling / Production Jobs,Entry-Level Job,Dynamic Manual,Rolling,https://www.linkedin.com/company/nike/jobs/,OK 200,NEEDS REVIEW,Internal storytelling + athlete narratives; Waffle Iron Entertainment unit,"4/20/2026, 10:51:01 AM",DRAFT
GoPro,GPR,Tier 3,Non-Fiction Brand Storytelling,Production,Production Assistant,GoPro Content / Production Jobs,Entry-Level Job,Dynamic Manual,Rolling,https://www.linkedin.com/company/gopro/jobs/,OK 200,NEEDS REVIEW,Documentary-style user and brand storytelling,"4/20/2026, 10:51:01 AM",DRAFT
The North Face,TNF,Tier 3,Non-Fiction Brand Storytelling,Production,Production Coordinator,The North Face Content / Film Jobs,Entry-Level Job,Dynamic Manual,Rolling,https://www.linkedin.com/company/the-north-face/jobs/,OK 200,NEEDS REVIEW,Expedition storytelling + film content,"4/20/2026, 10:51:01 AM",DRAFT
YETI,YETI,Tier 3,Non-Fiction Brand Storytelling,Production,Production Assistant,YETI Presents / Content Jobs,Entry-Level Job,Dynamic Manual,Rolling,https://www.linkedin.com/company/yeti-coolers/jobs/,BLOCKED (alive) Request failed for https://www,NEEDS REVIEW,YETI Presents documentary-style storytelling series,"4/20/2026, 10:51:01 AM",DRAFT
Arc'teryx,ARC,Tier 3,Non-Fiction Brand Storytelling,Production,Production Assistant,Arc'teryx Film / Content Jobs,Entry-Level Job,Dynamic Manual,Rolling,https://www.linkedin.com/company/arcteryx/jobs/,BLOCKED (alive) Request failed for https://www,NEEDS REVIEW,Climbing and expedition films,"4/20/2026, 10:51:01 AM",DRAFT
Columbia Sportswear,CSW,Tier 3,Non-Fiction Brand Storytelling,Production,Production Coordinator,Columbia Sportswear Content Jobs,Entry-Level Job,Dynamic Manual,Rolling,https://www.linkedin.com/company/columbia-sportswear/jobs/,OK 200,NEEDS REVIEW,Branded storytelling campaigns,"4/20/2026, 10:51:01 AM",DRAFT
Salomon,SAL,Tier 3,Non-Fiction Brand Storytelling,Production,Production Assistant,Salomon Film / Content Jobs,Entry-Level Job,Dynamic Manual,Rolling,https://www.salomon.com/en-us/careers,BLOCKED (alive) Request failed for https://www,NEEDS REVIEW,Trail and outdoor narrative films,"4/20/2026, 10:51:01 AM",DRAFT
Burton Snowboards,BUR,Tier 3,Non-Fiction Brand Storytelling,Production,Production Assistant,Burton Film / Content Jobs,Entry-Level Job,Dynamic Manual,Rolling,https://www.linkedin.com/company/burton-snowboards/jobs/,OK 200,NEEDS REVIEW,Culture and athlete storytelling,"4/20/2026, 10:51:01 AM",DRAFT
Lululemon,LULU,Tier 3,Non-Fiction Brand Storytelling,Production,Production Coordinator,Lululemon Content / Storytelling Jobs,Entry-Level Job,Dynamic Manual,Rolling,https://www.linkedin.com/company/lululemon-athletica/jobs/,DEAD 404,NEEDS REVIEW,Community storytelling,"4/20/2026, 10:51:01 AM",DRAFT
Vans,VANS,Tier 3,Non-Fiction Brand Storytelling,Production,Production Assistant,Vans Film / Content Jobs,Entry-Level Job,Dynamic Manual,Rolling,https://www.linkedin.com/company/vf-corporation/jobs/,OK 200,NEEDS REVIEW,Youth culture and documentary-style content; VF Corporation parent,"4/20/2026, 10:51:01 AM",DRAFT
Peloton,PEL,Tier 3,Non-Fiction Brand Storytelling,Production,Production Coordinator,Peloton Content / Production Jobs,Entry-Level Job,Dynamic Manual,Rolling,https://www.linkedin.com/company/peloton-interactive/jobs/,DEAD 404,NEEDS REVIEW,Instructor and human narrative storytelling,"4/20/2026, 10:51:01 AM",DRAFT
Ford Motor Company,FORD,Tier 3,Non-Fiction Brand Storytelling,Production,Production Coordinator,Ford Brand Content / Film Jobs,Entry-Level Job,Dynamic Manual,Rolling,https://ford.jobs,OK 200,NEEDS REVIEW,Branded documentary and heritage storytelling,"4/20/2026, 10:51:01 AM",DRAFT
Rivian,RIVN,Tier 3,Non-Fiction Brand Storytelling,Production,Production Assistant,Rivian Content / Storytelling Jobs,Entry-Level Job,Dynamic Manual,Rolling,https://rivian.com/careers,OK 200,NEEDS REVIEW,Adventure-driven narrative content,"4/20/2026, 10:51:01 AM",DRAFT
Airbnb,ABB,Tier 3,Non-Fiction Brand Storytelling,Development,Story Researcher,Airbnb Storytelling / Content Jobs,Entry-Level Job,Dynamic Manual,Rolling,https://www.linkedin.com/company/airbnb/jobs/,OK 200,NEEDS REVIEW,Global storytelling and community narratives,"4/20/2026, 10:51:01 AM",DRAFT
Google,GOOG,Tier 3,Non-Fiction Brand Storytelling,Development,Story Researcher,Google Editorial / Storytelling Jobs,Entry-Level Job,Dynamic Manual,Rolling,https://www.linkedin.com/company/google/jobs/,OK 200,NEEDS REVIEW,Editorial storytelling and human-interest films unit,"4/20/2026, 10:51:01 AM",DRAFT
Meta,META,Tier 3,Non-Fiction Brand Storytelling,Production,Production Coordinator,Meta Documentary / Storytelling Jobs,Entry-Level Job,Dynamic Manual,Rolling,https://www.linkedin.com/company/meta/jobs/,OK 200,NEEDS REVIEW,Creator storytelling and documentary-style initiatives,"4/20/2026, 10:51:01 AM",DRAFT
Spotify,SPOT,Tier 2,Narrative Podcasting,Post/Editorial,Edit Assistant,Spotify Podcast / Video Storytelling Jobs,Entry-Level Job,Dynamic Manual,Rolling,https://www.lifeatlifeatspotify.com/students,BLOCKED (alive) DNS error: https://www.lifeatl,NEEDS REVIEW,Documentary podcasts and video storytelling; Gimlet Media parent,"4/20/2026, 10:51:01 AM",DRAFT
Gimlet Media,GIM,Tier 2,Narrative Podcasting,Post/Editorial,Edit Assistant,Gimlet Media / Spotify Podcast Jobs,Entry-Level Job,Dynamic Manual,Rolling,https://www.lifeatlifeatspotify.com/students,BLOCKED (alive) DNS error: https://www.lifeatl,NEEDS REVIEW,Narrative audio studio now under Spotify; search via Spotify careers,"4/20/2026, 10:51:01 AM",DRAFT
YouTube,YT,Tier 3,Non-Fiction Brand Storytelling,Development,Development Coordinator,YouTube Creator / Storytelling Jobs,Entry-Level Job,Dynamic Manual,Rolling,https://www.linkedin.com/company/google/jobs/,OK 200,NEEDS REVIEW,Creator storytelling initiatives; roles via Google Careers,"4/20/2026, 10:51:01 AM",DRAFT
Adobe,ADO,Tier 3,Non-Fiction Brand Storytelling,Development,Story Researcher,Adobe Storytelling / Content Jobs,Entry-Level Job,Dynamic Manual,Rolling,https://www.linkedin.com/company/adobe/jobs/,OK 200,NEEDS REVIEW,Creative storytelling and documentary-style content; sponsors Sundance fellowship,"4/20/2026, 10:51:01 AM",DRAFT
ESPN,ESPN,Tier 2,Non-Fiction Brand Storytelling,Post/Editorial,Assistant Editor,ESPN Films / 30 for 30 Jobs,Entry-Level Job,Dynamic Manual,Rolling,https://www.linkedin.com/company/the-walt-disney-company/jobs/,OK 200,NEEDS REVIEW,Long-form storytelling via 30 for 30 doc unit; roles via Disney Careers,"4/20/2026, 10:51:01 AM",DRAFT
Vox Media,VOX,Tier 2,Non-Fiction Brand Storytelling,Production,Production Coordinator,Vox Creative / Editorial Video Jobs,Entry-Level Job,Dynamic Manual,Rolling,https://www.linkedin.com/company/vox-media/jobs/,DEAD 404,NEEDS REVIEW,Vox Creative studio and editorial video production,"4/20/2026, 10:51:01 AM",DRAFT
Squarespace,SQS,Tier 3,Non-Fiction Brand Storytelling,Production,Production Assistant,Squarespace Storytelling / Content Jobs,Entry-Level Job,Dynamic Manual,Rolling,https://www.squarespace.com/about/careers,OK 200,NEEDS REVIEW,Creator-focused storytelling films,"4/20/2026, 10:51:01 AM",DRAFT
Marriott International,MAR,Tier 3,Non-Fiction Brand Storytelling,Production,Production Coordinator,Marriott Content Studio Jobs,Entry-Level Job,Dynamic Manual,Rolling,https://www.linkedin.com/company/marriott-international/jobs/,OK 200,NEEDS REVIEW,Internal content studio producing films and series,"4/20/2026, 10:51:01 AM",DRAFT
Expedia,EXP,Tier 3,Non-Fiction Brand Storytelling,Production,Production Assistant,Expedia Travel Storytelling Jobs,Entry-Level Job,Dynamic Manual,Rolling,https://lifeatexpediagroup.com,OK 200,NEEDS REVIEW,Travel storytelling campaigns,"4/20/2026, 10:51:01 AM",DRAFT
Intrepid Travel,INTR,Tier 3,Non-Fiction Brand Storytelling,Production,Production Assistant,Intrepid Travel Content Jobs,Entry-Level Job,Dynamic Manual,Rolling,https://www.intrepidtravel.com/au/about/careers,DEAD 404,NEEDS REVIEW,Documentary-style storytelling for adventure travel,"4/20/2026, 10:51:01 AM",DRAFT
The Nature Conservancy,TNC,Tier 2,Non-Fiction Brand Storytelling,Impact/Distribution,Outreach Coordinator,TNC Storytelling / Media Jobs,Entry-Level Job,Dynamic Manual,Rolling,https://www.nature.org/en-us/about-us/careers,OK 200,NEEDS REVIEW,Environmental storytelling; periodic media and impact roles,"4/20/2026, 10:51:01 AM",DRAFT
World Wildlife Fund,WWF,Tier 2,Non-Fiction Brand Storytelling,Impact/Distribution,Outreach Coordinator,WWF Media / Storytelling Jobs,Entry-Level Job,Dynamic Manual,Rolling,https://www.worldwildlife.org/about/jobs,BLOCKED (alive) Request failed for https://www,NEEDS REVIEW,Documentary-style media and advocacy storytelling,"4/20/2026, 10:51:01 AM",DRAFT
Charity: Water,CW,Tier 2,Non-Fiction Brand Storytelling,Impact/Distribution,Story Researcher,Charity: Water Storytelling Jobs,Entry-Level Job,Dynamic Manual,Rolling,https://www.charitywater.org/careers,DEAD 404,NEEDS REVIEW,Strong narrative storytelling nonprofit; field story and content roles,"4/20/2026, 10:51:01 AM",DRAFT
Sierra Club,SC,Tier 2,Non-Fiction Brand Storytelling,Impact/Distribution,Outreach Coordinator,Sierra Club Media / Campaign Jobs,Entry-Level Job,Dynamic Manual,Rolling,https://www.sierraclub.org/jobs,OK 200,NEEDS REVIEW,Environmental campaigns and documentary storytelling,"4/20/2026, 10:51:01 AM",DRAFT
Greenpeace,GP,Tier 2,Non-Fiction Brand Storytelling,Impact/Distribution,Outreach Coordinator,Greenpeace Media / Storytelling Jobs,Entry-Level Job,Dynamic Manual,Rolling,https://www.greenpeace.org/usa/about/jobs,OK 200,NEEDS REVIEW,Investigative and visual storytelling for advocacy,"4/20/2026, 10:51:01 AM",DRAFT
Earthjustice,EJ,Tier 2,Non-Fiction Brand Storytelling,Impact/Distribution,Outreach Coordinator,Earthjustice Communications Jobs,Entry-Level Job,Dynamic Manual,Rolling,https://earthjustice.org/about/jobs,OK 200,NEEDS REVIEW,Story-driven legal environmental advocacy,"4/20/2026, 10:51:01 AM",DRAFT
DocSociety / Good Pitch,DS,Tier 1,Documentary Film/Series,Impact/Distribution,Impact Campaign Assistant,DocSociety Good Pitch USA Jobs,Entry-Level Job,Dynamic Manual,Rolling,https://docsociety.org/jobs,OK 200,NEEDS REVIEW,"UK-founded, US programs; connects doc filmmakers with funders for impact","4/20/2026, 10:51:01 AM",DRAFT
On Being Project,OBP,Tier 2,Narrative Podcasting,Post/Editorial,Edit Assistant,On Being Project Editorial Jobs,Entry-Level Job,Dynamic Manual,Rolling,https://onbeing.org/our-story/,OK 200,NEEDS REVIEW,Narrative and philosophical audio storytelling; editorial and production roles,"4/20/2026, 10:51:01 AM",DRAFT
New York Public Library,NYPL,Tier 2,Archival Media,Archival,Archival Researcher,NYPL Media Archival Jobs,Internship,Dynamic Manual,Rolling,https://www.nypl.org/careers,OK 200,NEEDS REVIEW,Performing Arts division; media cataloging and archival research,"4/20/2026, 10:51:01 AM",DRAFT
Getty Trust,GETTY,Tier 2,Archival Media,Archival,Archival Researcher,Getty Foundation Internship / Fellowship,Internship,Static Program,Annual-varies,https://www.getty.edu/foundation/initiatives/current,OK 200,NEEDS REVIEW,Visual storytelling and archives; Getty Foundation internship programs,"4/20/2026, 10:51:01 AM",DRAFT
TED,TED,Tier 2,Non-Fiction Brand Storytelling,Development,Story Researcher,TED Editorial / Storytelling Jobs,Entry-Level Job,Dynamic Manual,Rolling,https://www.ted.com/about/our-organization/jobs-at-ted,OK 200,NEEDS REVIEW,Idea-based storytelling; editorial and curation roles,"4/20/2026, 10:51:01 AM",DRAFT
Open Society Foundations,OSF,Tier 2,Documentary Film/Series,Development,Grants/Funding Assistant,OSF Documentary / Media Grants,Grant,Static Program,Annual-varies,https://www.opensocietyfoundations.org/grants,OK 200,NEEDS REVIEW,Founding funder of Sundance DFP; documentary and investigative media grants,"4/20/2026, 10:51:01 AM",DRAFT
Aspen Institute,ASPEN,Tier 2,Non-Fiction Brand Storytelling,Development,Story Researcher,Aspen Institute Media / Narrative Jobs,Entry-Level Job,Dynamic Manual,Rolling,https://www.aspeninstitute.org/careers,BLOCKED (alive) Request failed for https://www,NEEDS REVIEW,Narrative and media initiatives; Communications and story roles,"4/20/2026, 10:51:01 AM",DRAFT
The Redford Center,TRC,Tier 1,Documentary Film/Series,Development,Grants/Funding Assistant,Redford Center Grants Program,Grant/Fellowship,Static Program,Annual-Spring,https://www.redfordcenter.org/opportunities,OK 200,NEEDS REVIEW,2026 Open Call deadline May 14. $40k grant + yearlong mentorship + cohort. Environmental docs only. One of the only US nonprofits solely dedicated to environmental impact filmmaking.,"4/20/2026, 10:51:01 AM",DRAFT
The Redford Center,TRC,Tier 1,Documentary Film/Series,Impact/Distribution,Impact Campaign Assistant,Redford Center Jobs / Internships,Entry-Level Job,Dynamic Manual,Rolling,https://www.redfordcenter.org/careers,OK 200,NEEDS REVIEW,Small mission-driven team; check careers page for production and impact roles,"4/20/2026, 10:51:01 AM",DRAFT
Impact Partners,IP,Tier 1,Documentary Film/Series,Development,Grants/Funding Assistant,Impact Partners Documentary Fund,Grant/Fund,Static Program,Annual-varies,https://www.impactpartners.com/apply,DEAD 404,NEEDS REVIEW,Leading documentary fund; co-financing and development support,"4/20/2026, 10:51:01 AM",DRAFT
Lighthouse Works,LHW,Tier 2,Documentary Film/Series,Post/Editorial,Edit Assistant,Lighthouse Works Fellowship Program,Fellowship,Static Program,Annual-varies,https://lighthouseworks.org/fellowship,DEAD 404,NEEDS REVIEW,Block Island-based artist residency with film focus; post/editorial track,"4/20/2026, 10:51:01 AM",DRAFT
Panavision,PAN,Tier 2,Documentary Film/Series,Production,Production Assistant,Panavision New Filmmaker Program (Equipment Grant),Grant,Static Program,Annual-varies,https://www.panavision.com/new-filmmaker-program,OK 200,NEEDS REVIEW,Equipment grant for emerging filmmakers; camera package valued at $60k+,"4/20/2026, 10:51:01 AM",DRAFT
Pop Culture Collaborative,PCC,Tier 2,Documentary Film/Series,Development,Grants/Funding Assistant,Pop Culture Collaborative Grants,Grant,Static Program,Annual-varies,https://popcollab.org/grantmaking,OK 200,NEEDS REVIEW,Funds narrative change through pop culture and non-fiction storytelling,"4/20/2026, 10:51:01 AM",DRAFT
ReelWorks,RW,Tier 2,Documentary Film/Series,Production,Production Assistant,ReelWorks / MediaMKRS Program,Apprenticeship,Static Program,Annual-varies,https://www.reelworks.org/mediamkrs,DEAD 404,NEEDS REVIEW,NYC-based youth documentary training; MediaMKRS mentorship program,"4/20/2026, 10:51:01 AM",DRAFT
The Starfish,STAR,Tier 2,Documentary Film/Series,Impact/Distribution,Outreach Coordinator,The Starfish Impact Distribution Fellowship,Fellowship,Dynamic Manual,Annual-varies,https://www.thestarfish.org/opportunities,DEAD 404,NEEDS REVIEW,Documentary impact distribution organization; confirm current programs,"4/20/2026, 10:51:01 AM",DRAFT
Women in Film,WIF,Tier 2,Documentary Film/Series,Development,Development Assistant,WIF Grants & Finishing Fund,Grant/Fellowship,Static Program,Annual-varies,https://womeninfilm.org/grants-and-community-funding,DEAD 404,NEEDS REVIEW,Finishing fund + mentorship for women doc filmmakers,"4/20/2026, 10:51:01 AM",DRAFT
Women in Film,WIF,Tier 2,Documentary Film/Series,Development,Development Assistant,WIF Mentorship Program,Fellowship,Static Program,Annual-varies,https://womeninfilm.org/mentorship,DEAD 404,NEEDS REVIEW,Pairs emerging women filmmakers with established mentors,"4/20/2026, 10:51:01 AM",DRAFT
BRIC Media,BRIC,Tier 2,Documentary Film/Series,Development,Development Assistant,BRIC TV Open Call,Open Call,Static Program,Annual-varies,https://www.bric.tv/programs/bric-tv,DEAD 404,NEEDS REVIEW,Open call for local Brooklyn/NYC doc content; separate from BRIClab residency,"4/20/2026, 10:51:01 AM",DRAFT
Chicken & Egg Pictures,C&E,Tier 1,Documentary Film/Series,Development,Development Assistant,Chicken & Egg (Egg)celerator Lab,Lab/Fellowship,Static Program,Annual-varies,https://www.chickeneggfilms.org/programs/egg-celerator-lab,OK 200,NEEDS REVIEW,Women/gender-expansive filmmakers. $40k + mentorship + retreats. 2026 cohort announced Jan. Next apps spring 2027. Domain changed from chickeneggpics.org.,"4/20/2026, 10:51:01 AM",DRAFT
Creative Capital,CC,Tier 1,Documentary Film/Series,Development,Grants/Funding Assistant,Creative Capital Grant,Grant,Static Program,Annual-varies,https://creative-capital.org/apply,OK 200,NEEDS REVIEW,Up to $50k + $40k advisory services; open application for all disciplines including non-fiction,"4/20/2026, 10:51:01 AM",DRAFT
Google Creative Lab,GCL,Tier 2,Non-Fiction Brand Storytelling,Development,Story Researcher,Google Creative Lab Five Program,Fellowship,Static Program,Annual-varies,https://creativelab5.withgoogle.com,DEAD 404,NEEDS REVIEW,5-person creative residency at Google; non-fiction/interactive storytelling focus,"4/20/2026, 10:51:01 AM",DRAFT
National Endowment for the Humanities,NEH,Tier 2,Documentary Film/Series,Development,Grants/Funding Assistant,NEH Public Programs Media Grant,Grant,Static Program,Annual-varies,https://www.neh.gov/grants/public/media-projects,BLOCKED (alive) Request failed for https://www,NEEDS REVIEW,Federal grants for documentary media exploring humanities themes,"4/20/2026, 10:51:01 AM",DRAFT
Puffin Foundation,PF,Tier 2,Documentary Film/Series,Development,Grants/Funding Assistant,Puffin Foundation Grant,Grant,Static Program,Annual-Spring,https://www.puffinfoundation.org/grants,OK 200,NEEDS REVIEW,"Small grants ($2,500-$5,000) for non-fiction and social justice media","4/20/2026, 10:51:01 AM",DRAFT
From the Heart Productions,RWD,Tier 2,Documentary Film/Series,Development,Grants/Funding Assistant,Roy W. Dean Grant,Grant,Static Program,Annual-varies,https://www.fromtheheartproductions.com/roy-w-dean-grant,OK 200,NEEDS REVIEW,Film/doc grant for projects that make a contribution to society; 3 cycles/year,"4/20/2026, 10:51:01 AM",DRAFT
Academy of Motion Picture Arts,AMPAS,Tier 1,Documentary Film/Series,Production,Production Assistant,Academy Gold Rising Internships,Internship,Static Program,Annual-varies,https://www.oscars.org/academy-gold/rising,DEAD 404,NEEDS REVIEW,Summer internship program at studios and production companies; diverse candidates,"4/20/2026, 10:51:01 AM",DRAFT
BAVC Media,BAVC,Tier 2,Documentary Film/Series,Production,Production Assistant,BAVC MediaMaker Fellowship,Fellowship,Static Program,Annual-varies,https://bavc.org/mediamaker-fellowship,DEAD 404,NEEDS REVIEW,Bay Area Video Coalition; supports BIPOC emerging doc filmmakers,"4/20/2026, 10:51:01 AM",DRAFT
Bertha Foundation,BF,Tier 2,Documentary Film/Series,Development,Grants/Funding Assistant,Bertha Film Fund,Grant,Static Program,Rolling,https://berthafoundation.org/story/bertha-film-fund,DEAD 404,NEEDS REVIEW,Up to $25k for social justice documentary; by invitation only but worth tracking,"4/20/2026, 10:51:01 AM",DRAFT
BGDM,BGDM,Tier 2,Documentary Film/Series,Development,Development Assistant,BGDM MafiaMind Mentorship,Fellowship,Static Program,Annual-varies,https://www.bgdm.org/mafiamind,OK 200,NEEDS REVIEW,Black Girl Documentary Movement; peer mentorship and industry access,"4/20/2026, 10:51:01 AM",DRAFT
BGDM,BGDM,Tier 2,Documentary Film/Series,Development,Grants/Funding Assistant,BGDM Sustainable Artist Fellowship,Fellowship,Static Program,Annual-varies,https://www.bgdm.org/sustainable-artist-fellowship,OK 200,NEEDS REVIEW,Stipend + development support for Black women documentary artists,"4/20/2026, 10:51:01 AM",DRAFT
Black Cinema Collective,BCC,Tier 2,Documentary Film/Series,Development,Grants/Funding Assistant,Black Cinema Collective Filmmaker Microgrant,Grant,Static Program,Annual-varies,https://www.blackcinemacollective.com/microgrant,DEAD 404,NEEDS REVIEW,Small grants for Black filmmakers in early-stage non-fiction projects,"4/20/2026, 10:51:01 AM",DRAFT
Hutchins Center (Harvard),BFP,Tier 2,Documentary Film/Series,Development,Story Researcher,Black Film Project Fellowship,Fellowship,Static Program,Annual-varies,https://hutchinscenter.fas.harvard.edu/black-film-project,BLOCKED (alive) Request failed for https://hut,NEEDS REVIEW,$80k stipend for filmmakers exploring Black experience; fiction and documentary,"4/20/2026, 10:51:01 AM",DRAFT
Black Public Media,BPM,Tier 1,Public Media,Development,Grants/Funding Assistant,Black Public Media 360 Incubator,Grant/Lab,Static Program,Annual-varies,https://www.blackpublicmedia.org/360-incubator,OK 200,NEEDS REVIEW,Development fund for Black producers; digital and broadcast non-fiction,"4/20/2026, 10:51:01 AM",DRAFT
Black Public Media,BPM,Tier 1,Public Media,Development,Grants/Funding Assistant,Black Public Media Pitch Black Forum,Lab/Pitch,Static Program,Annual-varies,https://www.blackpublicmedia.org/pitch-black,OK 200,NEEDS REVIEW,Pitch forum for Black public media projects,"4/20/2026, 10:51:01 AM",DRAFT
Concordia Studio,CON,Tier 2,Documentary Film/Series,Development,Development Assistant,Concordia Studio Fellowship,Fellowship,Static Program,Annual-varies,https://www.concordiastudio.com/fellowship,DEAD 404,NEEDS REVIEW,Filmmaker fellowship from the production company behind prominent Netflix docs,"4/20/2026, 10:51:01 AM",DRAFT
Cucalorus Film Festival,CUC,Tier 2,Documentary Film/Series,Post/Editorial,Edit Assistant,Cucalorus Work-In-Progress Lab,Lab,Static Program,Annual-Fall,https://cucalorus.org/works-in-progress,DEAD 404,NEEDS REVIEW,Wilmington NC-based; WIP feedback lab for documentary in post,"4/20/2026, 10:51:01 AM",DRAFT
Netflix,NFX-DART,Tier 2,Documentary Film/Series,Production,Production Coordinator,DART - Netflix Documentary Training,Apprenticeship,Static Program,Annual-varies,https://about.netflix.com/en/news/dart-documentary-training,OK 200,NEEDS REVIEW,Documentary above-the-line residency program from Netflix; competitive,"4/20/2026, 10:51:01 AM",DRAFT
Disability Rising,DR,Tier 2,Documentary Film/Series,Development,Development Assistant,Disability Rising Fellowship,Fellowship,Static Program,Annual-varies,https://www.disabilityrising.org/fellowship,BLOCKED (alive) DNS error: https://www.disabil,NEEDS REVIEW,Fellowship for disabled filmmakers in documentary and non-fiction,"4/20/2026, 10:51:01 AM",DRAFT
Documentary Archival Training Program,DATP,Tier 2,Archival Media,Archival,Archival Researcher,Documentary Archival Training Program,Apprenticeship,Static Program,Annual-varies,https://www.documentaryarchival.org,BLOCKED (alive) DNS error: https://www.documen,NEEDS REVIEW,Archival research training specifically for documentary filmmakers,"4/20/2026, 10:51:01 AM",DRAFT
Film Independent,FI,Tier 2,Documentary Film/Series,Development,Development Assistant,Film Independent Amplifier Fellowship,Fellowship,Static Program,Annual-varies,https://www.filmindependent.org/programs/amplifier-fellowship,DEAD 404,NEEDS REVIEW,Mentorship + development for filmmakers from underrepresented communities,"4/20/2026, 10:51:01 AM",DRAFT
Firelight Media,FM,Tier 1,Documentary Film/Series,Development,Story Researcher,Firelight Media / FRONTLINE Fellowship,Fellowship,Static Program,Annual-varies,https://www.firelightmedia.tv/frontline-fellowship,OK 200,NEEDS REVIEW,Joint fellowship with FRONTLINE; investigative documentary focus,"4/20/2026, 10:51:01 AM",DRAFT
Firelight Media,FM,Tier 1,Documentary Film/Series,Development,Story Researcher,Firelight Media Groundwork Regional Lab,Lab/Fellowship,Static Program,Annual-varies,https://www.firelightmedia.tv/groundwork,DEAD 404,NEEDS REVIEW,Regional filmmaker labs for filmmakers of color outside major media markets,"4/20/2026, 10:51:01 AM",DRAFT
International Film Seminars (Flaherty),IFS,Tier 2,Documentary Film/Series,Post/Editorial,Edit Assistant,Flaherty Film Fellowship,Fellowship,Static Program,Annual-varies,https://www.flahertyseminar.org/fellowship,DEAD 404,NEEDS REVIEW,Week-long immersive seminar for emerging documentary filmmakers; fellowship available,"4/20/2026, 10:51:01 AM",DRAFT
Ford Foundation,FF,Tier 1,Documentary Film/Series,Development,Grants/Funding Assistant,Ford Foundation JustFilms Grant,Grant,Static Program,Annual-varies,https://www.fordfoundation.org/work/challenging-inequality/just-films,DEAD 404,NEEDS REVIEW,Social justice documentary grants; primarily org-level but tracks individual filmmaker projects,"4/20/2026, 10:51:01 AM",DRAFT
Frameline,FRAME,Tier 2,Documentary Film/Series,Development,Grants/Funding Assistant,Frameline Completion Fund,Grant,Static Program,Annual-varies,https://www.frameline.org/completion-fund,OK 200,NEEDS REVIEW,Post-production grants for LGBTQ+ documentary and narrative film,"4/20/2026, 10:51:01 AM",DRAFT
International Documentary Association,IDA,Tier 1,Documentary Film/Series,Development,Grants/Funding Assistant,IDA Pare Lorentz Documentary Fund,Grant,Static Program,Annual-varies,https://www.documentary.org/funding,OK 200,NEEDS REVIEW,Supports docs that reflect the tradition of Pare Lorentz; civic/social focus,"4/20/2026, 10:51:01 AM",DRAFT
Television Academy Foundation,TAF,Tier 1,Documentary Film/Series,Production,Production Assistant,Television Academy Foundation Internship Program,Internship,Static Program,Annual-Spring,https://www.televisionacademy.com/foundation/internships,OK 200,NEEDS REVIEW,Paid summer internships at LA production companies and networks including doc units,"4/20/2026, 10:51:01 AM",DRAFT
ITVS,ITVS,Tier 1,Public Media,Development,Grants/Funding Assistant,ITVS Diversity Development Fund,Grant,Static Program,Annual-varies,https://itvs.org/get-funded/,OK 200,NEEDS REVIEW,Development grants for producers of color; PBS-bound non-fiction projects,"4/20/2026, 10:51:01 AM",DRAFT
Jerome Foundation,JF,Tier 2,Documentary Film/Series,Development,Grants/Funding Assistant,Jerome Foundation NYC Film Production Grant,Grant,Static Program,Annual-varies,https://www.jeromefdn.org/grants/film-video,DEAD 404,NEEDS REVIEW,NYC-based emerging artists; film/video production grants. MN grants also available.,"4/20/2026, 10:51:01 AM",DRAFT
Karen Schmeer Film Editing Fellowship,KSF,Tier 1,Documentary Film/Series,Post/Editorial,Assistant Editor,Karen Schmeer Film Editing Fellowship,Fellowship,Static Program,Annual-varies,https://www.karenschmeerfellowship.org,BLOCKED (alive) DNS error: https://www.karensc,NEEDS REVIEW,Prestigious editing fellowship; one year paid mentorship with master documentary editor,"4/20/2026, 10:51:01 AM",DRAFT
Mentorship Matters,MM,Tier 2,Documentary Film/Series,Development,Development Assistant,Mentorship Matters Program,Fellowship,Static Program,Annual-varies,https://www.mentorshipmatters.org,OK 200,NEEDS REVIEW,Industry mentorship program for emerging documentary filmmakers; confirm current cycle,"4/20/2026, 10:51:01 AM",DRAFT
Netflix,NFX,Tier 2,Documentary Film/Series,Production,Associate Producer (Junior),Netflix x Black House Foundation Nonfiction Producing Fellowship,Fellowship,Static Program,Annual-varies,https://www.theblackhousefoundation.org/netflix-fellowship,BLOCKED (alive) DNS error: https://www.theblac,NEEDS REVIEW,Paid producing fellowship for Black non-fiction filmmakers; Netflix partnership,"4/20/2026, 10:51:01 AM",DRAFT
Netflix,NFX,Tier 2,Documentary Film/Series,Production,Production Assistant,Netflix New Mexico Crew In-Person Training,Apprenticeship,Static Program,Annual-varies,https://about.netflix.com/en/news/new-mexico-crew-training,OK 200,NEEDS REVIEW,Regional crew training program; production assistant track,"4/20/2026, 10:51:01 AM",DRAFT
Netflix,NFX,Tier 2,Documentary Film/Series,Production,Production Coordinator,Netflix Non-Fiction Line Producer Program,Fellowship,Static Program,Annual-varies,https://about.netflix.com/en/news/non-fiction-line-producer-program,OK 200,NEEDS REVIEW,Production management track for emerging non-fiction producers,"4/20/2026, 10:51:01 AM",DRAFT
Netflix,NFX,Tier 2,Documentary Film/Series,Production,Production Assistant,Netflix x Handy Foundation — Unscripted Boost The Base,Fellowship,Static Program,Annual-varies,https://www.thehandyfoundation.org/netflix,BLOCKED (alive) DNS error: https://www.thehand,NEEDS REVIEW,Entry-level production training for underrepresented talent in unscripted/doc,"4/20/2026, 10:51:01 AM",DRAFT
Netflix,NFX,Tier 2,Documentary Film/Series,Production,Production Coordinator,Netflix x Handy Foundation Non-Fiction Production Coordinator Program,Fellowship,Static Program,Annual-varies,https://www.thehandyfoundation.org/netflix,BLOCKED (alive) DNS error: https://www.thehand,NEEDS REVIEW,Production coordinator track for underrepresented talent; Netflix x Handy partnership,"4/20/2026, 10:51:01 AM",DRAFT
New York State Council on the Arts,NYSCA,Tier 2,Documentary Film/Series,Development,Grants/Funding Assistant,NYS State of the Arts Fellowship,Fellowship,Static Program,Annual-varies,https://www.arts.ny.gov/programs/media-arts,DEAD 404,NEEDS REVIEW,NYS-based filmmakers; media arts grants and fellowships,"4/20/2026, 10:51:01 AM",DRAFT
PBS,PBS,Tier 1,Public Media,Development,Development Assistant,PBS Accelerator Fellowship,Fellowship,Static Program,Annual-varies,https://www.pbs.org/about/producers/accelerator-fellowship,DEAD 404,NEEDS REVIEW,Fellowship for emerging producers developing projects for PBS broadcast,"4/20/2026, 10:51:01 AM",DRAFT
PBS,PBS,Tier 1,Public Media,Development,Story Researcher,PBS IGNITE Filmmakers Program — Creative Voices Initiative,Fellowship,Static Program,Annual-varies,https://www.pbs.org/about/producers/ignite,DEAD 404,NEEDS REVIEW,Supports first-time and emerging diverse voices for PBS; development + production support,"4/20/2026, 10:51:01 AM",DRAFT
Pitch For Good,PFG,Tier 2,Documentary Film/Series,Development,Grants/Funding Assistant,Pitch For Good Summit Showdown,Grant/Pitch,Static Program,Annual-varies,https://www.pitchforgood.org/summit,DEAD 404,NEEDS REVIEW,Pitch competition for impact documentaries; cash grants awarded to winners,"4/20/2026, 10:51:01 AM",DRAFT
Sundance Institute,SI,Tier 1,Documentary Film/Series,Development,Grants/Funding Assistant,Sundance Institute Documentary Fund,Grant,Static Program,Annual-varies,https://www.sundance.org/programs/documentary-film/#documentary-fund,OK 200,NEEDS REVIEW,Year-round grants program; 32 projects funded in 2025 totaling $1.5M+,"4/20/2026, 10:51:01 AM",DRAFT
The Whickers,WKR,Tier 2,Documentary Film/Series,Development,Grants/Funding Assistant,The Whicker Film and TV Funding Award,Grant,Static Program,Annual-Spring,https://www.whickerawards.com/apply/film-and-tv,OK 200,NEEDS REVIEW,UK-based but open to US filmmakers; up to GBP 100k for director-led doc projects,"4/20/2026, 10:51:01 AM",DRAFT
UFO,UFO,Tier 2,Documentary Film/Series,Production,Production Assistant,UFO Short Film Lab,Lab,Static Program,Annual-varies,https://www.ufofilm.org/short-film-lab,BLOCKED (alive) DNS error: https://www.ufofilm,NEEDS REVIEW,Support for short documentary and non-fiction films; lab and mentorship format,"4/20/2026, 10:51:01 AM",DRAFT
Voices Initiative,VI,Tier 2,Documentary Film/Series,Development,Story Researcher,Voices Initiative Storyteller Initiative,Fellowship,Static Program,Annual-varies,https://voicesinitiative.org/storyteller,BLOCKED (alive) DNS error: https://voicesiniti,NEEDS REVIEW,Fellowship for emerging storytellers from underrepresented communities; doc and narrative,"4/20/2026, 10:51:01 AM",DRAFT
Working Films,WF,Tier 2,Documentary Film/Series,Impact/Distribution,Impact Campaign Assistant,Working Films Impact Kickstart,Grant/Lab,Static Program,Annual-varies,https://www.workingfilms.org/impact-kickstart,OK 200,NEEDS REVIEW,Small grants + consulting to launch impact campaigns for social issue docs,"4/20/2026, 10:51:01 AM",DRAFT
AXS Film Fund,AXS,Tier 2,Documentary Film/Series,Development,Grants/Funding Assistant,AXS Film Fund,Grant,Static Program,Annual-varies,https://www.axsfilmfund.org,OK 200,NEEDS REVIEW,Supports nonfiction films by filmmakers with disabilities,"4/20/2026, 10:51:01 AM",DRAFT
SFFILM,SFF,Tier 2,Documentary Film/Series,Post/Editorial,Edit Assistant,SFFILM Documentary Film Fund,Grant,Static Program,Annual-varies,https://sffilm.org/artist-development/fund-your-film//documentary-film-fund,DEAD 404,NEEDS REVIEW,Post-production grants for documentary features; open internationally,"4/20/2026, 10:51:01 AM",DRAFT
The Handy Foundation,HF,Tier 2,Documentary Film/Series,Production,Production Coordinator,Handy Foundation Non-Fiction Program,Fellowship,Static Program,Annual-varies,https://www.thehandyfoundation.org,BLOCKED (alive) DNS error: https://www.thehand,NEEDS REVIEW,Workforce development for underrepresented talent in unscripted and non-fiction TV/film,"4/20/2026, 10:51:01 AM",DRAFT
ITVS,ITVS,Tier 1,Public Media,Development,Grants/Funding Assistant,ITVS Open Call,Open Call/Fund,Static Program,Annual-varies,https://itvs.org/get-funded/,OK 200,NEEDS REVIEW,Development funding for independent producers. URL updated to get-funded/ — check for current open call cycle,"4/20/2026, 10:51:01 AM",DRAFT
Austin Film Society,AFS,Tier 2,Documentary Film/Series,Development,Grants/Funding Assistant,AFS Grant for Feature Films,Grant,Static Program,Annual-Spring,https://www.austinfilm.org/afs-grants/afs-grants-overview/,OK 200,NEEDS REVIEW,Texas-based filmmakers only. 2026 deadline May 20. $3M+ awarded since 1996.,"4/20/2026, 10:51:01 AM",DRAFT
Austin Film Society,AFS,Tier 2,Documentary Film/Series,Production,Grants/Funding Assistant,AFS Grant for Short Films,Grant,Static Program,Annual-Summer,https://www.austinfilm.org/afs-grants/afs-grants-overview/,OK 200,NEEDS REVIEW,Texas-based filmmakers only. Reopens Summer 2026.,"4/20/2026, 10:51:01 AM",DRAFT
Pulitzer Center,PC,Tier 1,Investigative Journalism,Development,Grants/Funding Assistant,Pulitzer Center Global Reporting Grant,Grant,Static Program,Rolling,https://pulitzercenter.org/grants-fellowships/opportunities-journalists/global-reporting-grants,BLOCKED (alive) Request failed for https://pul,NEEDS REVIEW,"Rolling applications. Open to doc filmmakers, radio, video, print. No topic restrictions. $5k-$10k for international travel. Supports short docs with ambitious distribution.","4/20/2026, 10:51:01 AM",DRAFT
Pulitzer Center,PC,Tier 1,Investigative Journalism,Development,Story Researcher,Pulitzer Center Campus Consortium Reporting Fellowship,Fellowship,Static Program,Annual-varies,https://pulitzercenter.org/grants-fellowships/opportunities-campus-consortium-members/reporting-fellowships,BLOCKED (alive) Request failed for https://pul,NEEDS REVIEW,Students and recent grads at Campus Consortium partner schools only. $4k stipend + mentorship. Multimedia including video and doc photography eligible.,"4/20/2026, 10:51:01 AM",DRAFT
Pulitzer Center,PC,Tier 1,Investigative Journalism,Development,Story Researcher,Pulitzer Center Thematic Fellowships,Fellowship,Static Program,Annual-varies,https://pulitzercenter.org/opportunities/reporting-grants-fellowships,BLOCKED (alive) Request failed for https://pul,NEEDS REVIEW,"AI accountability, climate, rainforest investigations, gender equality tracks. Funding + training + cohort. Check page for which calls are currently open.","4/20/2026, 10:51:01 AM",DRAFT
Lucie Foundation,LF,Tier 2,Documentary Film/Series,Development,Grants/Funding Assistant,Lucie Foundation Scholarship — Photojournalism/Documentary,Grant/Scholarship,Static Program,Annual-Fall,https://www.luciefoundation.org/programs/scholarship/,OK 200,NEEDS REVIEW,2026 deadline Sept 30. Two tracks: Emerging ($1k + Sony camera) and Professional ($3k). Open worldwide 18+. Submission fee $15-$25. Winners exhibited at House of Lucie Galleries globally.,"4/20/2026, 10:51:01 AM",DRAFT
The Gotham Film & Media Institute,GFMI,Tier 1,Documentary Film/Series,Post/Editorial,Grants/Funding Assistant,Genesis House x Gotham Shorts Fellowship,Grant/Fellowship,Static Program,Annual-Spring,https://thegotham.org/genesis-house-shorts,OK 200,NEEDS REVIEW,"NEW 2026. $10k finishing fund for 3 NYC-shot narrative shorts. Mentorship + screening at Gotham Week (Sept-Oct 2026). Deadline May 14, 2026. Open now.","4/20/2026, 10:51:01 AM",DRAFT
The Gotham Film & Media Institute,GFMI,Tier 1,Documentary Film/Series,Development,Development Assistant,Gotham EDU Film & Media Career Development Program,Fellowship,Static Program,Annual-Spring,https://thegotham.org/gotham-edu/film-and-media-career-development-program/,OK 200,NEEDS REVIEW,"7-week virtual program for students and recent grads. Weekly workshops, speaker sessions, career guidance. $20-25 app fee. Alumni at A24, Apple, HBO Documentaries, PBS.","4/20/2026, 10:51:01 AM",DRAFT
Points North Institute,PNI,Tier 1,Documentary Film/Series,Development,Story Researcher,Diane Weyermann Fellowship,Fellowship,Static Program,Annual-varies,https://pointsnorthinstitute.org/artist-programs/,OK 200,NEEDS REVIEW,Named fellowship at Points North Institute supporting documentary filmmakers. Check artist-programs page for current cycle.,"4/20/2026, 10:51:01 AM",DRAFT
Points North Institute,PNI,Tier 1,Documentary Film/Series,Development,Story Researcher,North Star Fellowship,Fellowship,Static Program,Annual-varies,https://pointsnorthinstitute.org/artist-programs/,OK 200,NEEDS REVIEW,For interdisciplinary artists from historically marginalized backgrounds exploring nonfiction storytelling practice. Annual program at Points North.,"4/20/2026, 10:51:01 AM",DRAFT
Points North Institute,PNI,Tier 1,Documentary Film/Series,Development,Story Researcher,LEF/CIFF Fellowship,Fellowship,Static Program,Annual-varies,https://pointsnorthinstitute.org/artist-programs/,OK 200,NEEDS REVIEW,Creative retreat for feature filmmakers living and working in New England. Supported by LEF Foundation. Annual at Points North / CIFF.,"4/20/2026, 10:51:01 AM",DRAFT
Firelight Media,FM,Tier 1,Documentary Film/Series,Development,Grants/Funding Assistant,Firelight Fund,Grant/Fund,Static Program,Annual-varies,https://www.firelightmedia.tv/programs,OK 200,NEEDS REVIEW,"NEW — launched for Firelight 25th anniversary. Supports Black, Brown, and Indigenous stories from development through distribution with focus on social justice storytelling.","4/20/2026, 10:51:01 AM",DRAFT
Firelight Media,FM,Tier 1,Documentary Film/Series,Development,Grants/Funding Assistant,Hulu/Firelight Kindling Fund,Grant/Fund,Static Program,Annual-varies,https://www.firelightmedia.tv/programs,OK 200,NEEDS REVIEW,Resources 3 Firelight-supported filmmakers to develop original nonfiction documentary feature for first look by Firelight Films and Hulu streaming service.,"4/20/2026, 10:51:01 AM",DRAFT
Shorenstein Center,SC,Tier 1,Investigative Journalism,Development,Story Researcher,Documentary Film in the Public Interest Fellowship,Fellowship,Static Program,Rolling,https://shorensteincenter.org/fellowships/shorenstein-fellowships/,OK 200,NEEDS REVIEW,"Harvard Kennedy School. Year-long fellowship for documentary filmmakers and scholars working at intersection of nonfiction film and public interest media. Rolling applications, onboarding Sept + Jan. 10+ years experience required.","4/20/2026, 10:51:01 AM",DRAFT
BAFTA,BAFTA,Tier 1,Documentary Film/Series,Development,Development Assistant,BAFTA Breakthrough US,Fellowship,Static Program,Annual-varies,https://www.bafta.org/programmes/bafta-breakthrough/us/,BLOCKED (alive) Request failed for https://www,NEEDS REVIEW,Career acceleration for early to mid-career film/TV talent in North America from underrepresented backgrounds. Open to 18+ working in North America. Check site for current cycle.,"4/20/2026, 10:51:01 AM",DRAFT
BAFTA,BAFTA,Tier 1,Documentary Film/Series,Development,Grants/Funding Assistant,BAFTA US Scholarships,Grant/Scholarship,Static Program,Annual-Summer,https://www.bafta.org/programmes/us-scholarships/,BLOCKED (alive) Request failed for https://www,NEEDS REVIEW,Financial support for international students studying film/TV at US universities. Includes Ben Jorgensen Scholarship ($10k for NY grad students). 2026 deadline June 26 — OPEN NOW.,"4/20/2026, 10:51:01 AM",DRAFT
The Redford Center,RC,Tier 2,Documentary Film/Series,Development,Grants/Funding Assistant,Redford Center Grants,Grant/Fund,Static Program,Annual-Spring,https://www.redfordcenter.org/grantapplication/,OK 200,NEEDS REVIEW,"NEW. $40k grant for environmental documentary filmmakers. Sixth cycle since 2016. Cohort-based with mentorship, in-person convening, and potential second-year funding. Deadline May 14, 2026 — OPEN NOW.","4/20/2026, 10:51:01 AM",DRAFT
SFFILM,SFFILM,Tier 2,Documentary Film/Series,Post/Editorial,Grants/Funding Assistant,SFFILM Documentary Film Fund,Grant/Fund,Static Program,Annual-Summer,https://sffilm.org/artist-development/fund-your-film/,OK 200,NEEDS REVIEW,"2026 apps OPEN until July 7, 2026. $10k-$20k for 3-6 feature docs in post. Track record includes Ascension, Writing With Fire, Honeyland.","4/20/2026, 10:51:01 AM",DRAFT
Ida B. Wells Society,IBWS,Tier 2,Investigative Journalism,Development,Story Researcher,IBWS Investigative Reporting Fellowship,Fellowship,Static Program,Annual-Jan,https://idabwellssociety.org/training/,OK 200,NEEDS REVIEW,10 journalists/yr. 3-5 yrs exp. Monthly weeklong training sessions in Atlanta Mar-Jul. Free — all travel/lodging covered. 2026 cohort announced Feb. Apps close Jan annually.,"4/20/2026, 10:51:01 AM",DRAFT